<pkgref spec="1.12" uuid="1660BA60-256E-41D9-A8A7-53BFFD219134"><config><identifier>org.vpython.vpython572.VPython-Py3.pkg</identifier><version>1.0</version><description></description><post-install type="none"/><requireAuthorization/><installFrom relative="true" mod="true">../../../../stage/VPython-Py3.1</installFrom><installTo mod="true">/Applications/VPython-Py3.1</installTo><flags><followSymbolicLinks/></flags><packageStore type="internal"></packageStore><mod>installTo.path</mod><mod>installFrom.path</mod><mod>parent</mod><mod>installTo</mod></config><contents><file-list>03vpython-contents.xml</file-list><component id="org.python.VIDLE" path="/Users/bruce/Documents/workspace/stage/VPython-Py3.1/VIDLE.app" version="3.1.2"><mod>isRelocatable</mod></component><filter>/CVS$</filter><filter>/\.svn$</filter><filter>/\.cvsignore$</filter><filter>/\.cvspass$</filter><filter>/\.DS_Store$</filter></contents></pkgref>