<pkgref spec="1.12" uuid="51D0DC83-ED7C-4328-8932-90A231401FFA"><config><identifier>org.vpython.vpython572.FontTools-1.pkg</identifier><version>1.0</version><description></description><post-install type="none"/><requireAuthorization/><installFrom relative="true" mod="true">../../../../stage/FontTools.pth</installFrom><installTo mod="true">/Library/Frameworks/Python.framework/Versions/3.1/lib/python3.1/site-packages/</installTo><flags><followSymbolicLinks/></flags><packageStore type="internal"></packageStore><mod>installTo.path</mod><mod>installFrom.path</mod><mod>parent</mod><mod>installTo</mod></config><contents><file-list>11fonttools-contents.xml</file-list><filter>/CVS$</filter><filter>/\.svn$</filter><filter>/\.cvsignore$</filter><filter>/\.cvspass$</filter><filter>/\.DS_Store$</filter></contents></pkgref>