<pkgref spec="1.12" uuid="44A7DBEE-DAD9-4DE3-AD3D-0E47E006F3F9"><config><identifier>org.vpython.vpython572.vis.pkg</identifier><version>1.0</version><description></description><post-install type="none"/><requireAuthorization/><installFrom relative="true" mod="true">../../../../stage/vis</installFrom><installTo mod="true">/Library/Frameworks/Python.framework/Versions/3.1/lib/python3.1/site-packages/vis</installTo><flags><followSymbolicLinks/></flags><packageStore type="internal"></packageStore><mod>installTo.path</mod><mod>installFrom.path</mod><mod>parent</mod><mod>installTo</mod></config><contents><file-list>13vis-contents.xml</file-list><filter>/CVS$</filter><filter>/\.svn$</filter><filter>/\.cvsignore$</filter><filter>/\.cvspass$</filter><filter>/\.DS_Store$</filter></contents></pkgref>