<pkmkdoc spec="1.12"><properties><title>VPython 5.72</title><build>/Users/bruce/Documents/VPython-Mac-Py3.1-5.72.mpkg</build><organization>org.vpython</organization><userSees ui="both"/><min-target os="2"/><domain system="true"/></properties><distribution><versions min-spec="1.000000"/><scripts></scripts></distribution><description>VPython 5.72</description><contents><choice title="Visual module for 3D" id="choice11" tooltip="The main component of VPython" description="The main component of VPython" starts_selected="true" starts_enabled="false" starts_hidden="false"><pkgref id="org.vpython.vpython514.visual.pkg"/></choice><choice title="VIDLE -- improved IDLE program editor" id="choice17" tooltip="VIDLE -- improved version of IDLE program editor" description="VIDLE -- improved version of IDLE program editor" starts_selected="true" starts_enabled="true" starts_hidden="false"><pkgref id="org.vpython.vpython514.vidle.pkg"/></choice><choice title="Examples, Documentation, VIDLE shortcut" id="choice87" starts_selected="true" starts_enabled="true" starts_hidden="false"><pkgref id="org.vpython.vpython572.VPython-Py3.pkg"/></choice><choice title="numpy -- numeric arrray module used by VPython" id="choice88" starts_selected="true" starts_enabled="true" starts_hidden="false"><pkgref id="org.vpython.vpython572.numpy.pkg"/></choice><choice title="numpy-1.5.0-py2.7 -- part of numpy" id="choice89" starts_selected="true" starts_enabled="true" starts_hidden="false"><pkgref id="org.vpython.vpython54.numpy-1.5.0-py3.1.pkg"/></choice><choice title="ttfquery -- needed by text object" id="choice90" starts_selected="true" starts_enabled="true" starts_hidden="false"><pkgref id="org.vpython.vpython572.ttfquery.pkg"/></choice><choice title="FontTools -- needed by text object" id="choice94" starts_selected="true" starts_enabled="true" starts_hidden="false"><pkgref id="org.vpython.vpython572.FontTools.pkg"/></choice><choice title="Polygon -- needed by text object" id="choice97" starts_selected="true" starts_enabled="true" starts_hidden="false"><pkgref id="org.vpython.vpython572.Polygon.pkg"/></choice><choice title="Polygon-2.0.1-py2.5 -- needed by text object" id="choice98" starts_selected="true" starts_enabled="true" starts_hidden="false"><pkgref id="org.vpython.vpython54.Polygon-3.0.3-py3.1.pkg"/></choice><choice title="fonttools-2.3-py2.6 --needed by text object" id="choice99" starts_selected="true" starts_enabled="true" starts_hidden="false"><pkgref id="org.vpython.vpython572.fonttools-2.3-py3.1.pkg"/></choice><choice title="FontTools -- needed by text object" id="choice100" starts_selected="true" starts_enabled="true" starts_hidden="false"><pkgref id="org.vpython.vpython572.FontTools-1.pkg"/></choice><choice title="TTFQuery-1.0.4-py2.6 -- needed by text object" id="choice101" starts_selected="true" starts_enabled="true" starts_hidden="false"><pkgref id="org.vpython.vpython54.TTFQuery-1.0.4-py3.1.pkg"/></choice><choice title="vis  module" id="choice102" tooltip="Module for selective import from visual" description="Module for selective import from visual" starts_selected="true" starts_enabled="false" starts_hidden="false"><pkgref id="org.vpython.vpython572.vis.pkg"/></choice></contents><resources bg-scale="none" bg-align="topleft"><locale lang="en"><resource relative="true" mod="true" type="welcome">Visual5_Python3.1_welcome.rtf</resource></locale></resources><requirements><requirement id="file" operator="eq" value="true"><file>/Library/Frameworks/Python.framework/Versions/3.1/bin/python3.1</file><message-title>Need Python 3.1 from python.org</message-title><message>Python 3.1 from python.org must be installed before installing VPython.</message></requirement></requirements><flags/><extra-files/><item type="file">01visual.xml</item><item type="file">02vidle.xml</item><item type="file">03vpython.xml</item><item type="file">04numpy.xml</item><item type="file">05numpy.xml</item><item type="file">06ttfquery.xml</item><item type="file">07fonttools.xml</item><item type="file">08polygon.xml</item><item type="file">09polygon.xml</item><item type="file">10fonttools.xml</item><item type="file">11fonttools.xml</item><item type="file">12ttfquery.xml</item><item type="file">13vis.xml</item><mod>description</mod><mod>properties.title</mod><mod>properties.userDomain</mod><mod>properties.customizeOption</mod><mod>extraFiles</mod><mod>properties.systemDomain</mod><mod>properties.anywhereDomain</mod></pkmkdoc>