<pkg-contents spec="1.12"><f n="vidle" o="bruce" g="staff" p="16877" pt="/Users/bruce/Documents/workspace/stage/vidle" m="false" t="file"><f n=".DS_Store" o="bruce" g="staff" p="33188"/><f n="__init__.py" o="bruce" g="staff" p="33188"/><f n="__init__.pyc" o="bruce" g="staff" p="33188"/><f n="__pycache__" o="bruce" g="staff" p="16877"><f n="__init__.cpython-32.pyc" o="bruce" g="staff" p="33188"/><f n="aboutDialog.cpython-32.pyc" o="bruce" g="staff" p="33188"/><f n="AutoComplete.cpython-32.pyc" o="bruce" g="staff" p="33188"/><f n="AutoCompleteWindow.cpython-32.pyc" o="bruce" g="staff" p="33188"/><f n="AutoExpand.cpython-32.pyc" o="bruce" g="staff" p="33188"/><f n="Bindings.cpython-32.pyc" o="bruce" g="staff" p="33188"/><f n="CallTips.cpython-32.pyc" o="bruce" g="staff" p="33188"/><f n="CallTipWindow.cpython-32.pyc" o="bruce" g="staff" p="33188"/><f n="CodeContext.cpython-32.pyc" o="bruce" g="staff" p="33188"/><f n="ColorDelegator.cpython-32.pyc" o="bruce" g="staff" p="33188"/><f n="configDialog.cpython-32.pyc" o="bruce" g="staff" p="33188"/><f n="configHandler.cpython-32.pyc" o="bruce" g="staff" p="33188"/><f n="configHelpSourceEdit.cpython-32.pyc" o="bruce" g="staff" p="33188"/><f n="configSectionNameDialog.cpython-32.pyc" o="bruce" g="staff" p="33188"/><f n="Debugger.cpython-32.pyc" o="bruce" g="staff" p="33188"/><f n="Delegator.cpython-32.pyc" o="bruce" g="staff" p="33188"/><f n="dynOptionMenuWidget.cpython-32.pyc" o="bruce" g="staff" p="33188"/><f n="EditorWindow.cpython-32.pyc" o="bruce" g="staff" p="33188"/><f n="FileList.cpython-32.pyc" o="bruce" g="staff" p="33188"/><f n="FileRevert.cpython-32.pyc" o="bruce" g="staff" p="33188"/><f n="FormatParagraph.cpython-32.pyc" o="bruce" g="staff" p="33188"/><f n="GrepDialog.cpython-32.pyc" o="bruce" g="staff" p="33188"/><f n="HyperParser.cpython-32.pyc" o="bruce" g="staff" p="33188"/><f n="IdleHistory.cpython-32.pyc" o="bruce" g="staff" p="33188"/><f n="idlever.cpython-32.pyc" o="bruce" g="staff" p="33188"/><f n="IOBinding.cpython-32.pyc" o="bruce" g="staff" p="33188"/><f n="keybindingDialog.cpython-32.pyc" o="bruce" g="staff" p="33188"/><f n="macosxSupport.cpython-32.pyc" o="bruce" g="staff" p="33188"/><f n="MultiCall.cpython-32.pyc" o="bruce" g="staff" p="33188"/><f n="MultiStatusBar.cpython-32.pyc" o="bruce" g="staff" p="33188"/><f n="ObjectBrowser.cpython-32.pyc" o="bruce" g="staff" p="33188"/><f n="OutputWindow.cpython-32.pyc" o="bruce" g="staff" p="33188"/><f n="ParenMatch.cpython-32.pyc" o="bruce" g="staff" p="33188"/><f n="Percolator.cpython-32.pyc" o="bruce" g="staff" p="33188"/><f n="PyParse.cpython-32.pyc" o="bruce" g="staff" p="33188"/><f n="PyShell.cpython-32.pyc" o="bruce" g="staff" p="33188"/><f n="RemoteDebugger.cpython-32.pyc" o="bruce" g="staff" p="33188"/><f n="RemoteObjectBrowser.cpython-32.pyc" o="bruce" g="staff" p="33188"/><f n="ReplaceDialog.cpython-32.pyc" o="bruce" g="staff" p="33188"/><f n="rpc.cpython-32.pyc" o="bruce" g="staff" p="33188"/><f n="RstripExtension.cpython-32.pyc" o="bruce" g="staff" p="33188"/><f n="run.cpython-32.pyc" o="bruce" g="staff" p="33188"/><f n="ScriptBinding.cpython-32.pyc" o="bruce" g="staff" p="33188"/><f n="ScrolledList.cpython-32.pyc" o="bruce" g="staff" p="33188"/><f n="SearchDialog.cpython-32.pyc" o="bruce" g="staff" p="33188"/><f n="SearchDialogBase.cpython-32.pyc" o="bruce" g="staff" p="33188"/><f n="SearchEngine.cpython-32.pyc" o="bruce" g="staff" p="33188"/><f n="StackViewer.cpython-32.pyc" o="bruce" g="staff" p="33188"/><f n="tabbedpages.cpython-32.pyc" o="bruce" g="staff" p="33188"/><f n="textView.cpython-32.pyc" o="bruce" g="staff" p="33188"/><f n="TreeWidget.cpython-32.pyc" o="bruce" g="staff" p="33188"/><f n="UndoDelegator.cpython-32.pyc" o="bruce" g="staff" p="33188"/><f n="utils.cpython-32.pyc" o="bruce" g="staff" p="33188"/><f n="WidgetRedirector.cpython-32.pyc" o="bruce" g="staff" p="33188"/><f n="WindowList.cpython-32.pyc" o="bruce" g="staff" p="33188"/><f n="ZoomHeight.cpython-32.pyc" o="bruce" g="staff" p="33188"/></f><f n="aboutDialog.py" o="bruce" g="staff" p="33188"/><f n="aboutDialog.pyc" o="bruce" g="staff" p="33188"/><f n="AutoComplete.py" o="bruce" g="staff" p="33188"/><f n="AutoComplete.pyc" o="bruce" g="staff" p="33188"/><f n="AutoCompleteWindow.py" o="bruce" g="staff" p="33188"/><f n="AutoCompleteWindow.pyc" o="bruce" g="staff" p="33188"/><f n="AutoExpand.py" o="bruce" g="staff" p="33188"/><f n="AutoExpand.pyc" o="bruce" g="staff" p="33188"/><f n="Bindings.py" o="bruce" g="staff" p="33188"/><f n="Bindings.pyc" o="bruce" g="staff" p="33188"/><f n="CallTips.py" o="bruce" g="staff" p="33188"/><f n="CallTips.pyc" o="bruce" g="staff" p="33188"/><f n="CallTipWindow.py" o="bruce" g="staff" p="33188"/><f n="CallTipWindow.pyc" o="bruce" g="staff" p="33188"/><f n="ChangeLog" o="bruce" g="staff" p="33188"/><f n="ClassBrowser.py" o="bruce" g="staff" p="33188"/><f n="CodeContext.py" o="bruce" g="staff" p="33188"/><f n="CodeContext.pyc" o="bruce" g="staff" p="33188"/><f n="ColorDelegator.py" o="bruce" g="staff" p="33188"/><f n="ColorDelegator.pyc" o="bruce" g="staff" p="33188"/><f n="config-extensions.def" o="bruce" g="staff" p="33188"/><f n="config-highlight.def" o="bruce" g="staff" p="33188"/><f n="config-keys.def" o="bruce" g="staff" p="33188"/><f n="config-main.def" o="bruce" g="staff" p="33188"/><f n="configDialog.py" o="bruce" g="staff" p="33188"/><f n="configDialog.pyc" o="bruce" g="staff" p="33188"/><f n="configHandler.py" o="bruce" g="staff" p="33188"/><f n="configHandler.pyc" o="bruce" g="staff" p="33188"/><f n="configHelpSourceEdit.py" o="bruce" g="staff" p="33188"/><f n="configHelpSourceEdit.pyc" o="bruce" g="staff" p="33188"/><f n="configSectionNameDialog.py" o="bruce" g="staff" p="33188"/><f n="configSectionNameDialog.pyc" o="bruce" g="staff" p="33188"/><f n="CREDITS.txt" o="bruce" g="staff" p="33188"/><f n="Debugger.py" o="bruce" g="staff" p="33188"/><f n="Debugger.pyc" o="bruce" g="staff" p="33188"/><f n="Delegator.py" o="bruce" g="staff" p="33188"/><f n="Delegator.pyc" o="bruce" g="staff" p="33188"/><f n="dynOptionMenuWidget.py" o="bruce" g="staff" p="33188"/><f n="dynOptionMenuWidget.pyc" o="bruce" g="staff" p="33188"/><f n="EditorWindow.py" o="bruce" g="staff" p="33188"/><f n="EditorWindow.pyc" o="bruce" g="staff" p="33188"/><f n="extend.txt" o="bruce" g="staff" p="33188"/><f n="FileList.py" o="bruce" g="staff" p="33188"/><f n="FileList.pyc" o="bruce" g="staff" p="33188"/><f n="FileRevert.py" o="bruce" g="staff" p="33188"/><f n="FileRevert.pyc" o="bruce" g="staff" p="33188"/><f n="FormatParagraph.py" o="bruce" g="staff" p="33188"/><f n="FormatParagraph.pyc" o="bruce" g="staff" p="33188"/><f n="GrepDialog.py" o="bruce" g="staff" p="33188"/><f n="GrepDialog.pyc" o="bruce" g="staff" p="33188"/><f n="help.txt" o="bruce" g="staff" p="33188"/><f n="HISTORY.txt" o="bruce" g="staff" p="33188"/><f n="HyperParser.py" o="bruce" g="staff" p="33188"/><f n="HyperParser.pyc" o="bruce" g="staff" p="33188"/><f n="Icons" o="bruce" g="staff" p="16877"><f n=".DS_Store" o="bruce" g="staff" p="33188"/><f n="folder.gif" o="bruce" g="staff" p="33188"/><f n="idle.icns" o="bruce" g="staff" p="33188"/><f n="minusnode.gif" o="bruce" g="staff" p="33188"/><f n="openfolder.gif" o="bruce" g="staff" p="33188"/><f n="plusnode.gif" o="bruce" g="staff" p="33188"/><f n="python.gif" o="bruce" g="staff" p="33188"/><f n="tk.gif" o="bruce" g="staff" p="33188"/></f><f n="idle.py" o="bruce" g="staff" p="33188"/><f n="idle.pyw" o="bruce" g="staff" p="33188"/><f n="IdleHistory.py" o="bruce" g="staff" p="33188"/><f n="IdleHistory.pyc" o="bruce" g="staff" p="33188"/><f n="idlever.py" o="bruce" g="staff" p="33188"/><f n="idlever.pyc" o="bruce" g="staff" p="33188"/><f n="IOBinding.py" o="bruce" g="staff" p="33188"/><f n="IOBinding.pyc" o="bruce" g="staff" p="33188"/><f n="keybindingDialog.py" o="bruce" g="staff" p="33188"/><f n="keybindingDialog.pyc" o="bruce" g="staff" p="33188"/><f n="macosxSupport.py" o="bruce" g="staff" p="33188"/><f n="macosxSupport.pyc" o="bruce" g="staff" p="33188"/><f n="MultiCall.py" o="bruce" g="staff" p="33188"/><f n="MultiCall.pyc" o="bruce" g="staff" p="33188"/><f n="MultiStatusBar.py" o="bruce" g="staff" p="33188"/><f n="MultiStatusBar.pyc" o="bruce" g="staff" p="33188"/><f n="NEWS.txt" o="bruce" g="staff" p="33188"/><f n="ObjectBrowser.py" o="bruce" g="staff" p="33188"/><f n="ObjectBrowser.pyc" o="bruce" g="staff" p="33188"/><f n="OutputWindow.py" o="bruce" g="staff" p="33188"/><f n="OutputWindow.pyc" o="bruce" g="staff" p="33188"/><f n="ParenMatch.py" o="bruce" g="staff" p="33188"/><f n="ParenMatch.pyc" o="bruce" g="staff" p="33188"/><f n="PathBrowser.py" o="bruce" g="staff" p="33188"/><f n="Percolator.py" o="bruce" g="staff" p="33188"/><f n="Percolator.pyc" o="bruce" g="staff" p="33188"/><f n="PyParse.py" o="bruce" g="staff" p="33188"/><f n="PyParse.pyc" o="bruce" g="staff" p="33188"/><f n="PyShell.py" o="bruce" g="staff" p="33188"/><f n="PyShell.pyc" o="bruce" g="staff" p="33188"/><f n="README.txt" o="bruce" g="staff" p="33188"/><f n="RemoteDebugger.py" o="bruce" g="staff" p="33188"/><f n="RemoteDebugger.pyc" o="bruce" g="staff" p="33188"/><f n="RemoteObjectBrowser.py" o="bruce" g="staff" p="33188"/><f n="RemoteObjectBrowser.pyc" o="bruce" g="staff" p="33188"/><f n="ReplaceDialog.py" o="bruce" g="staff" p="33188"/><f n="ReplaceDialog.pyc" o="bruce" g="staff" p="33188"/><f n="rpc.py" o="bruce" g="staff" p="33188"/><f n="rpc.pyc" o="bruce" g="staff" p="33188"/><f n="RstripExtension.py" o="bruce" g="staff" p="33188"/><f n="RstripExtension.pyc" o="bruce" g="staff" p="33188"/><f n="run.py" o="bruce" g="staff" p="33188"/><f n="run.pyc" o="bruce" g="staff" p="33188"/><f n="ScriptBinding.py" o="bruce" g="staff" p="33188"/><f n="ScriptBinding.pyc" o="bruce" g="staff" p="33188"/><f n="ScrolledList.py" o="bruce" g="staff" p="33188"/><f n="ScrolledList.pyc" o="bruce" g="staff" p="33188"/><f n="SearchDialog.py" o="bruce" g="staff" p="33188"/><f n="SearchDialog.pyc" o="bruce" g="staff" p="33188"/><f n="SearchDialogBase.py" o="bruce" g="staff" p="33188"/><f n="SearchDialogBase.pyc" o="bruce" g="staff" p="33188"/><f n="SearchEngine.py" o="bruce" g="staff" p="33188"/><f n="SearchEngine.pyc" o="bruce" g="staff" p="33188"/><f n="StackViewer.py" o="bruce" g="staff" p="33188"/><f n="StackViewer.pyc" o="bruce" g="staff" p="33188"/><f n="tabbedpages.py" o="bruce" g="staff" p="33188"/><f n="tabbedpages.pyc" o="bruce" g="staff" p="33188"/><f n="testcode.py" o="bruce" g="staff" p="33188"/><f n="textView.py" o="bruce" g="staff" p="33188"/><f n="textView.pyc" o="bruce" g="staff" p="33188"/><f n="TODO.txt" o="bruce" g="staff" p="33188"/><f n="ToolTip.py" o="bruce" g="staff" p="33188"/><f n="TreeWidget.py" o="bruce" g="staff" p="33188"/><f n="TreeWidget.pyc" o="bruce" g="staff" p="33188"/><f n="UndoDelegator.py" o="bruce" g="staff" p="33188"/><f n="UndoDelegator.pyc" o="bruce" g="staff" p="33188"/><f n="utils.py" o="bruce" g="staff" p="33188"/><f n="utils.pyc" o="bruce" g="staff" p="33188"/><f n="WidgetRedirector.py" o="bruce" g="staff" p="33188"/><f n="WidgetRedirector.pyc" o="bruce" g="staff" p="33188"/><f n="WindowList.py" o="bruce" g="staff" p="33188"/><f n="WindowList.pyc" o="bruce" g="staff" p="33188"/><f n="ZoomHeight.py" o="bruce" g="staff" p="33188"/><f n="ZoomHeight.pyc" o="bruce" g="staff" p="33188"/></f></pkg-contents>