<pkgref spec="1.12" uuid="A073CDFE-1DCE-4717-8AE4-CF1346AC1269"><config><identifier>org.vpython.vpython573.FontTools.pkg</identifier><version>1.0</version><description></description><post-install type="none"/><requireAuthorization/><installFrom relative="true" mod="true">../../../../stage/FontTools</installFrom><installTo mod="true">/Library/Frameworks/Python.framework/Versions/3.2/lib/python3.2/site-packages/FontTools</installTo><flags><followSymbolicLinks/></flags><packageStore type="internal"></packageStore><mod>installTo.path</mod><mod>installFrom.path</mod><mod>parent</mod><mod>installTo</mod></config><contents><file-list>07fonttools-contents.xml</file-list><filter>/CVS$</filter><filter>/\.svn$</filter><filter>/\.cvsignore$</filter><filter>/\.cvspass$</filter><filter>/\.DS_Store$</filter></contents></pkgref>