<pkg-contents spec="1.12"><f n="ttfquery" o="bruce" g="staff" p="16877" pt="/Users/bruce/Documents/workspace/stage/ttfquery" m="false" t="file"><f n="__init__.py" o="bruce" g="staff" p="33261"/><f n="__init__.pyc" o="bruce" g="staff" p="33261"/><f n="_scriptregistry.py" o="bruce" g="staff" p="33261"/><f n="describe.py" o="bruce" g="staff" p="33261"/><f n="describe.pyc" o="bruce" g="staff" p="33261"/><f n="family_query.py" o="bruce" g="staff" p="33261"/><f n="findsystem.py" o="bruce" g="staff" p="33261"/><f n="font_family_groups.py" o="bruce" g="staff" p="33261"/><f n="glyph.py" o="bruce" g="staff" p="33261"/><f n="glyph.pyc" o="bruce" g="staff" p="33261"/><f n="glyphquery.py" o="bruce" g="staff" p="33261"/><f n="glyphquery.pyc" o="bruce" g="staff" p="33261"/><f n="guessdescription.py" o="bruce" g="staff" p="33261"/><f n="metadata_query.py" o="bruce" g="staff" p="33261"/><f n="ttffiles.py" o="bruce" g="staff" p="33261"/></f></pkg-contents>