<pkgref spec="1.12" uuid="B55E5401-70E0-44CD-ABB1-375F71E97887"><config><identifier>org.vpython.vpython54.Polygon-3.0.3-py3.1.pkg</identifier><version>1.0</version><description></description><post-install type="none"/><requireAuthorization/><installFrom relative="true" mod="true">../../../../stage/Polygon-3.0.3-py3.1.egg-info</installFrom><installTo mod="true">/Library/Frameworks/Python.framework/Versions/3.2/lib/python3.2/site-packages/</installTo><flags><followSymbolicLinks/></flags><packageStore type="internal"></packageStore><mod>installTo.path</mod><mod>parent</mod><mod>locationType</mod><mod>installFrom.path</mod><mod>installTo</mod><mod>identifier</mod></config><contents><file-list>09polygon-contents.xml</file-list><filter>/CVS$</filter><filter>/\.svn$</filter><filter>/\.cvsignore$</filter><filter>/\.cvspass$</filter><filter>/\.DS_Store$</filter></contents></pkgref>