<pkg-contents spec="1.12"><f n="VPython-Py2.7" o="bruce" g="admin" p="16877" pt="/Users/bruce/Documents/workspace/stage2.7/VPython-Py2.7" m="false" t="file"><f n=".DS_Store" o="bruce" g="admin" p="33188"/><f n="docs" o="bruce" g="admin" p="16877"><f n=".cvsignore" o="bruce" g="admin" p="33188"/><f n=".DS_Store" o="bruce" g="admin" p="33188"/><f n="index.html" o="bruce" g="admin" p="33188"/><f n="visual" o="bruce" g="admin" p="16877"><f n=".DS_Store" o="bruce" g="admin" p="33188"/><f n="arrow.html" o="bruce" g="admin" p="33188"/><f n="axes.gif" o="bruce" g="admin" p="33188"/><f n="box.html" o="bruce" g="admin" p="33188"/><f n="color.html" o="bruce" g="admin" p="33188"/><f n="cone.html" o="bruce" g="admin" p="33188"/><f n="controls.html" o="bruce" g="admin" p="33188"/><f n="convex.html" o="bruce" g="admin" p="33188"/><f n="curve.html" o="bruce" g="admin" p="33188"/><f n="cylinder.html" o="bruce" g="admin" p="33188"/><f n="defaults.html" o="bruce" g="admin" p="33188"/><f n="delete.html" o="bruce" g="admin" p="33188"/><f n="display.html" o="bruce" g="admin" p="33188"/><f n="ellipsoid.html" o="bruce" g="admin" p="33188"/><f n="extrusion.html" o="bruce" g="admin" p="33188"/><f n="extrusion_overview.py" o="bruce" g="admin" p="33188"/><f n="faces.html" o="bruce" g="admin" p="33188"/><f n="factorial.html" o="bruce" g="admin" p="33188"/><f n="files.html" o="bruce" g="admin" p="33188"/><f n="float.html" o="bruce" g="admin" p="33188"/><f n="frame.html" o="bruce" g="admin" p="33188"/><f n="graph.html" o="bruce" g="admin" p="33188"/><f n="helix.html" o="bruce" g="admin" p="33188"/><f n="images" o="bruce" g="admin" p="16877"><f n=".DS_Store" o="bruce" g="admin" p="33188"/><f n="arc.jpg" o="bruce" g="admin" p="33188"/><f n="arc_and_triangle_with_hole.jpg" o="bruce" g="admin" p="33188"/><f n="arc_shape.jpg" o="bruce" g="admin" p="33188"/><f n="arrow.jpg" o="bruce" g="admin" p="33188"/><f n="box.jpg" o="bruce" g="admin" p="33188"/><f n="circle.jpg" o="bruce" g="admin" p="33188"/><f n="circle_frame.jpg" o="bruce" g="admin" p="33188"/><f n="circle_shape.jpg" o="bruce" g="admin" p="33188"/><f n="colors_abutting.jpg" o="bruce" g="admin" p="33188"/><f n="cone.jpg" o="bruce" g="admin" p="33188"/><f n="constructive_geometry.jpg" o="bruce" g="admin" p="33188"/><f n="controls.jpg" o="bruce" g="admin" p="33188"/><f n="convex.jpg" o="bruce" g="admin" p="33188"/><f n="cross.jpg" o="bruce" g="admin" p="33188"/><f n="cross_ellipse.jpg" o="bruce" g="admin" p="33188"/><f n="cross_shape.jpg" o="bruce" g="admin" p="33188"/><f n="curve.jpg" o="bruce" g="admin" p="33188"/><f n="cylinder.jpg" o="bruce" g="admin" p="33188"/><f n="ellipse.jpg" o="bruce" g="admin" p="33188"/><f n="ellipse_shape.jpg" o="bruce" g="admin" p="33188"/><f n="ellipsoid.jpg" o="bruce" g="admin" p="33188"/><f n="extrusion.jpg" o="bruce" g="admin" p="33188"/><f n="extrusion_twist.jpg" o="bruce" g="admin" p="33188"/><f n="extrustion_scaling.jpg" o="bruce" g="admin" p="33188"/><f n="faces.jpg" o="bruce" g="admin" p="33188"/><f n="filedialog.jpg" o="bruce" g="admin" p="33188"/><f n="frustum.jpg" o="bruce" g="admin" p="33188"/><f n="gear.jpg" o="bruce" g="admin" p="33188"/><f n="graph.jpg" o="bruce" g="admin" p="33188"/><f n="helix.jpg" o="bruce" g="admin" p="33188"/><f n="heptagon.jpg" o="bruce" g="admin" p="33188"/><f n="hexagon.jpg" o="bruce" g="admin" p="33188"/><f n="hexagon_shape.jpg" o="bruce" g="admin" p="33188"/><f n="label.jpg" o="bruce" g="admin" p="33188"/><f n="lathe.jpg" o="bruce" g="admin" p="33188"/><f n="material_etc.jpg" o="bruce" g="admin" p="33188"/><f n="ngon_shape.jpg" o="bruce" g="admin" p="33188"/><f n="pentagon.jpg" o="bruce" g="admin" p="33188"/><f n="pentagon_shape.jpg" o="bruce" g="admin" p="33188"/><f n="points.jpg" o="bruce" g="admin" p="33188"/><f n="pyramid.jpg" o="bruce" g="admin" p="33188"/><f n="rackgear.jpg" o="bruce" g="admin" p="33188"/><f n="rectangle.jpg" o="bruce" g="admin" p="33188"/><f n="rectangle_chamfered.jpg" o="bruce" g="admin" p="33188"/><f n="rectangle_rotated.jpg" o="bruce" g="admin" p="33188"/><f n="rectangle_rounded.jpg" o="bruce" g="admin" p="33188"/><f n="rectangle_shape.jpg" o="bruce" g="admin" p="33188"/><f n="rectangle_shape_chamfered.jpg" o="bruce" g="admin" p="33188"/><f n="rectangle_shape_frame.jpg" o="bruce" g="admin" p="33188"/><f n="rectangle_shape_rotated.jpg" o="bruce" g="admin" p="33188"/><f n="rectangle_shape_rounded.jpg" o="bruce" g="admin" p="33188"/><f n="ring.jpg" o="bruce" g="admin" p="33188"/><f n="skin.jpg" o="bruce" g="admin" p="33188"/><f n="sphere.jpg" o="bruce" g="admin" p="33188"/><f n="star.jpg" o="bruce" g="admin" p="33188"/><f n="star_shape.jpg" o="bruce" g="admin" p="33188"/><f n="star_with_hole.jpg" o="bruce" g="admin" p="33188"/><f n="starpath.jpg" o="bruce" g="admin" p="33188"/><f n="text.jpg" o="bruce" g="admin" p="33188"/><f n="text3d.jpg" o="bruce" g="admin" p="33188"/><f n="text_extrusion.jpg" o="bruce" g="admin" p="33188"/><f n="text_inverse.jpg" o="bruce" g="admin" p="33188"/><f n="text_shape.jpg" o="bruce" g="admin" p="33188"/><f n="trail.jpg" o="bruce" g="admin" p="33188"/><f n="trapezoid.jpg" o="bruce" g="admin" p="33188"/><f n="trapezoid_shape.jpg" o="bruce" g="admin" p="33188"/><f n="triangle.jpg" o="bruce" g="admin" p="33188"/><f n="triangle_circular_hole.jpg" o="bruce" g="admin" p="33188"/><f n="triangle_frame.jpg" o="bruce" g="admin" p="33188"/><f n="triangle_path.jpg" o="bruce" g="admin" p="33188"/><f n="triangle_shape.jpg" o="bruce" g="admin" p="33188"/><f n="triangle_with_hole.jpg" o="bruce" g="admin" p="33188"/><f n="triangle_with_hole2.jpg" o="bruce" g="admin" p="33188"/><f n="triangular_ring.jpg" o="bruce" g="admin" p="33188"/></f><f n="index.html" o="bruce" g="admin" p="33188"/><f n="keyboard.html" o="bruce" g="admin" p="33188"/><f n="label.html" o="bruce" g="admin" p="33188"/><f n="license.txt" o="bruce" g="admin" p="33188"/><f n="lights.html" o="bruce" g="admin" p="33188"/><f n="materials.html" o="bruce" g="admin" p="33188"/><f n="mouse.html" o="bruce" g="admin" p="33188"/><f n="mouse_click.html" o="bruce" g="admin" p="33188"/><f n="mouse_drag.html" o="bruce" g="admin" p="33188"/><f n="new_features.html" o="bruce" g="admin" p="33188"/><f n="options.html" o="bruce" g="admin" p="33188"/><f n="paths.html" o="bruce" g="admin" p="33188"/><f n="points.html" o="bruce" g="admin" p="33188"/><f n="primitives.html" o="bruce" g="admin" p="33188"/><f n="pyramid.html" o="bruce" g="admin" p="33188"/><f n="rate.html" o="bruce" g="admin" p="33188"/><f n="ring.gif" o="bruce" g="admin" p="33188"/><f n="ring.html" o="bruce" g="admin" p="33188"/><f n="rotation.html" o="bruce" g="admin" p="33188"/><f n="shapes.html" o="bruce" g="admin" p="33188"/><f n="sphere.html" o="bruce" g="admin" p="33188"/><f n="spherebox.gif" o="bruce" g="admin" p="33188"/><f n="Templates" o="bruce" g="admin" p="16877"><f n=".DS_Store" o="bruce" g="admin" p="33188"/><f n="template.dwt" o="bruce" g="admin" p="33188"/></f><f n="text.html" o="bruce" g="admin" p="33188"/><f n="trail.html" o="bruce" g="admin" p="33188"/><f n="vector.html" o="bruce" g="admin" p="33188"/><f n="VisualIntro.html" o="bruce" g="admin" p="33188"/><f n="VisualRef-1.gif" o="bruce" g="admin" p="33188"/><f n="VisualRef-2.gif" o="bruce" g="admin" p="33188"/><f n="VisualRef-3.gif" o="bruce" g="admin" p="33188"/><f n="VisualRef-4.gif" o="bruce" g="admin" p="33188"/><f n="VisualRef-6.gif" o="bruce" g="admin" p="33188"/><f n="VisualRef-7.gif" o="bruce" g="admin" p="33188"/><f n="VisualRef.css" o="bruce" g="admin" p="33188"/><f n="VPython_Intro.pdf" o="bruce" g="admin" p="33188"/></f></f><f n="examples" o="bruce" g="admin" p="16877"><f n="bounce.py" o="bruce" g="admin" p="33188"/><f n="bounce2.py" o="bruce" g="admin" p="33188"/><f n="boxlighttest.py" o="bruce" g="admin" p="33188"/><f n="colorsliders.py" o="bruce" g="admin" p="33188"/><f n="conch.py" o="bruce" g="admin" p="33188"/><f n="controlstest.py" o="bruce" g="admin" p="33188"/><f n="convex.py" o="bruce" g="admin" p="33188"/><f n="crossproduct.py" o="bruce" g="admin" p="33188"/><f n="crystal.py" o="bruce" g="admin" p="33188"/><f n="differential_gear.py" o="bruce" g="admin" p="33188"/><f n="dipole.py" o="bruce" g="admin" p="33188"/><f n="doublependulum.py" o="bruce" g="admin" p="33188"/><f n="drape.py" o="bruce" g="admin" p="33188"/><f n="electric_motor.py" o="bruce" g="admin" p="33188"/><f n="extruded_columns.py" o="bruce" g="admin" p="33188"/><f n="extrusion_examples.py" o="bruce" g="admin" p="33188"/><f n="extrusion_overview.py" o="bruce" g="admin" p="33188"/><f n="faces_cone.py" o="bruce" g="admin" p="33188"/><f n="faces_heightfield.py" o="bruce" g="admin" p="33188"/><f n="flower128.tga" o="bruce" g="admin" p="33188"/><f n="gas.py" o="bruce" g="admin" p="33188"/><f n="glinfo.py" o="bruce" g="admin" p="33188"/><f n="graphtest.py" o="bruce" g="admin" p="33188"/><f n="gyro.py" o="bruce" g="admin" p="33188"/><f n="gyro2.py" o="bruce" g="admin" p="33188"/><f n="hanoi.py" o="bruce" g="admin" p="33188"/><f n="labels.py" o="bruce" g="admin" p="33188"/><f n="lathe.py" o="bruce" g="admin" p="33188"/><f n="lorenz.py" o="bruce" g="admin" p="33188"/><f n="Makefile.am" o="bruce" g="admin" p="33188"/><f n="mandelbrot.py" o="bruce" g="admin" p="33188"/><f n="material_test.py" o="bruce" g="admin" p="33188"/><f n="medusa.py" o="bruce" g="admin" p="33188"/><f n="orbit.py" o="bruce" g="admin" p="33188"/><f n="planar.py" o="bruce" g="admin" p="33188"/><f n="randombox.py" o="bruce" g="admin" p="33188"/><f n="stars.py" o="bruce" g="admin" p="33188"/><f n="stonehenge.py" o="bruce" g="admin" p="33188"/><f n="text3D.py" o="bruce" g="admin" p="33188"/><f n="texttest.py" o="bruce" g="admin" p="33188"/><f n="texture_and_lighting.py" o="bruce" g="admin" p="33188"/><f n="texturetest.py" o="bruce" g="admin" p="33188"/><f n="tictac.py" o="bruce" g="admin" p="33188"/><f n="tictacdat.py" o="bruce" g="admin" p="33188"/><f n="toroid.py" o="bruce" g="admin" p="33188"/><f n="toroid_drag.py" o="bruce" g="admin" p="33188"/><f n="wave.py" o="bruce" g="admin" p="33188"/></f><f n="VIDLE.app" o="bruce" g="admin" p="16877"><f n="Contents" o="bruce" g="admin" p="16877"><f n="Info.plist" o="bruce" g="admin" p="33188"/><f n="MacOS" o="bruce" g="admin" p="16877"><f n="Python" o="bruce" g="admin" p="41453"/><f n="VIDLE" o="bruce" g="admin" p="33261"/></f><f n="PkgInfo" o="bruce" g="admin" p="33188"/><f n="Resources" o="bruce" g="admin" p="16877"><f n="IDLE.icns" o="bruce" g="admin" p="33188"/><f n="idlemain.py" o="bruce" g="admin" p="33188"/><f n="PythonCompiled.icns" o="bruce" g="admin" p="33188"/><f n="PythonSource.icns" o="bruce" g="admin" p="33188"/></f></f></f></f></pkg-contents>