<pkgref spec="1.12" uuid="163BF25B-AC1B-47CB-9E3F-742625FA1CD8"><config><identifier>org.vpython.vpython54.fonttools-2.3-py2.7.pkg</identifier><version>1.0</version><description></description><post-install type="none"/><requireAuthorization/><installFrom relative="true" mod="true">../../../../stage2.7/fonttools-2.3-py2.6.egg-info</installFrom><installTo mod="true">/Library/Frameworks/Python.framework/Versions/2.7/lib/python2.7/site-packages/</installTo><flags><followSymbolicLinks/></flags><packageStore type="internal"></packageStore><mod>installTo.path</mod><mod>parent</mod><mod>locationType</mod><mod>installFrom.path</mod><mod>installTo</mod><mod>identifier</mod></config><contents><file-list>10fonttools-contents.xml</file-list><filter>/CVS$</filter><filter>/\.svn$</filter><filter>/\.cvsignore$</filter><filter>/\.cvspass$</filter><filter>/\.DS_Store$</filter></contents></pkgref>