<pkg-contents spec="1.12"><f n="vis" o="bruce" g="admin" p="16877" pt="/Users/bruce/Documents/workspace/stage2.7/vis" m="false" t="file"><f n="__init__.py" o="bruce" g="admin" p="33188"/><f n="BlueMarble.tga" o="bruce" g="admin" p="33188"/><f n="brickbump.tga" o="bruce" g="admin" p="33188"/><f n="controls.py" o="bruce" g="admin" p="33188"/><f n="crayola.py" o="bruce" g="admin" p="33188"/><f n="cvisual.so" o="bruce" g="admin" p="33261"/><f n="earth.tga" o="bruce" g="admin" p="33188"/><f n="factorial.py" o="bruce" g="admin" p="33188"/><f n="filedialog.py" o="bruce" g="admin" p="33188"/><f n="graph.py" o="bruce" g="admin" p="33188"/><f n="license.txt" o="bruce" g="admin" p="33188"/><f n="logo_t.gif" o="bruce" g="admin" p="33188"/><f n="Makefile.am" o="bruce" g="admin" p="33188"/><f n="materials.py" o="bruce" g="admin" p="33188"/><f n="pan.png" o="bruce" g="admin" p="33188"/><f n="paths.py" o="bruce" g="admin" p="33188"/><f n="primitives.py" o="bruce" g="admin" p="33188"/><f n="random.tga" o="bruce" g="admin" p="33188"/><f n="shapes.py" o="bruce" g="admin" p="33188"/><f n="site_settings.py" o="bruce" g="admin" p="33188"/><f n="turbulence3.tga" o="bruce" g="admin" p="33188"/><f n="ui.py" o="bruce" g="admin" p="33188"/><f n="vpython.glade" o="bruce" g="admin" p="33188"/><f n="vpython_notoolbar.glade" o="bruce" g="admin" p="33188"/><f n="wood.tga" o="bruce" g="admin" p="33188"/></f></pkg-contents>