<pkgref spec="1.12" uuid="BBB96E08-51A0-492A-A936-58BBB26C5DBB"><config><identifier>org.vpython.vpython514.visual.pkg</identifier><version>1</version><description></description><post-install type="none"/><requireAuthorization/><installFrom>/Users/brucesherwood/Documents/workspace/stage/visual</installFrom><installTo mod="true">/Library/Frameworks/Python.framework/Versions/2.6/lib/python2.6/site-packages/visual</installTo><flags><followSymbolicLinks/></flags><packageStore type="internal"></packageStore><mod>installTo.isRelativeType</mod><mod>installTo</mod><mod>postInstall</mod><mod>installTo.isAbsoluteType</mod><mod>identifier</mod><mod>parent</mod><mod>version</mod><mod>installTo.path</mod><mod>requireAuthorization</mod><mod>extraFiles</mod></config><contents><file-list>01visual-contents.xml</file-list><filter>/CVS$</filter><filter>/\.svn$</filter><filter>/\.cvsignore$</filter><filter>/\.cvspass$</filter><filter>/\.DS_Store$</filter></contents><extra-files/></pkgref>