<pkg-contents spec="1.12"><f n="visual" o="brucesherwood" g="staff" p="16895" pt="/Users/brucesherwood/Documents/workspace/stage/visual" m="false" t="file"><f n=".DS_Store" o="brucesherwood" g="staff" p="33206"/><f n="__init__.py" o="brucesherwood" g="staff" p="33188"/><f n="__init__.pyc" o="brucesherwood" g="staff" p="33188"/><f n="controls.py" o="brucesherwood" g="staff" p="33206"/><f n="controls.pyc" o="brucesherwood" g="staff" p="33206"/><f n="crayola.py" o="brucesherwood" g="staff" p="33206"/><f n="crayola.pyc" o="brucesherwood" g="staff" p="33206"/><f n="cvisual.so" o="brucesherwood" g="staff" p="33261"/><f n="earth.tga" o="brucesherwood" g="staff" p="33206"/><f n="factorial.py" o="brucesherwood" g="staff" p="33206"/><f n="factorial.pyc" o="brucesherwood" g="staff" p="33206"/><f n="filedialog.py" o="brucesherwood" g="staff" p="33206"/><f n="filedialog.pyc" o="brucesherwood" g="staff" p="33206"/><f n="graph.py" o="brucesherwood" g="staff" p="33188"/><f n="graph.pyc" o="brucesherwood" g="staff" p="33188"/><f n="logo_t.gif" o="brucesherwood" g="staff" p="33206"/><f n="materials.py" o="brucesherwood" g="staff" p="33206"/><f n="materials.pyc" o="brucesherwood" g="staff" p="33206"/><f n="pan.png" o="brucesherwood" g="staff" p="33206"/><f n="primitives.py" o="brucesherwood" g="staff" p="33188"/><f n="primitives.pyc" o="brucesherwood" g="staff" p="33188"/><f n="site_settings.py" o="brucesherwood" g="staff" p="33206"/><f n="site_settings.pyc" o="brucesherwood" g="staff" p="33206"/><f n="text.py" o="brucesherwood" g="staff" p="33188"/><f n="text.pyc" o="brucesherwood" g="staff" p="33188"/><f n="turbulence3.tga" o="brucesherwood" g="staff" p="33206"/><f n="ui.py" o="brucesherwood" g="staff" p="33206"/><f n="ui.pyc" o="brucesherwood" g="staff" p="33206"/><f n="vpython.glade" o="brucesherwood" g="staff" p="33206"/><f n="vpython.gladep" o="brucesherwood" g="staff" p="33206"/><f n="vpython_notoolbar.glade" o="brucesherwood" g="staff" p="33206"/><f n="wood.tga" o="brucesherwood" g="staff" p="33206"/></f></pkg-contents>