<pkg-contents spec="1.12"><f n="VPython" o="brucesherwood" g="staff" p="16895" pt="/Users/brucesherwood/Documents/workspace/stage/VPython" m="false" t="file"><f n=".DS_Store" o="brucesherwood" g="staff" p="33206"/><f n="docs" o="brucesherwood" g="staff" p="16895"><f n=".DS_Store" o="brucesherwood" g="staff" p="33188"/><f n="index.html" o="brucesherwood" g="staff" p="33206"/><f n="visual" o="brucesherwood" g="staff" p="16895"><f n=".DS_Store" o="brucesherwood" g="staff" p="33188"/><f n="arrow.html" o="brucesherwood" g="staff" p="33188"/><f n="axes.gif" o="brucesherwood" g="staff" p="33188"/><f n="box.html" o="brucesherwood" g="staff" p="33188"/><f n="color.html" o="brucesherwood" g="staff" p="33188"/><f n="cone.html" o="brucesherwood" g="staff" p="33188"/><f n="controls.html" o="brucesherwood" g="staff" p="33188"/><f n="convex.html" o="brucesherwood" g="staff" p="33188"/><f n="curve.html" o="brucesherwood" g="staff" p="33188"/><f n="CVS" o="brucesherwood" g="staff" p="16877"><f n="Entries" o="brucesherwood" g="staff" p="33188"/><f n="Repository" o="brucesherwood" g="staff" p="33188"/><f n="Root" o="brucesherwood" g="staff" p="33188"/></f><f n="cylinder.html" o="brucesherwood" g="staff" p="33188"/><f n="defaults.html" o="brucesherwood" g="staff" p="33188"/><f n="delete.html" o="brucesherwood" g="staff" p="33188"/><f n="display.html" o="brucesherwood" g="staff" p="33188"/><f n="ellipsoid.html" o="brucesherwood" g="staff" p="33188"/><f n="faces.html" o="brucesherwood" g="staff" p="33188"/><f n="factorial.html" o="brucesherwood" g="staff" p="33188"/><f n="files.html" o="brucesherwood" g="staff" p="33188"/><f n="float.html" o="brucesherwood" g="staff" p="33188"/><f n="frame.html" o="brucesherwood" g="staff" p="33188"/><f n="graph.html" o="brucesherwood" g="staff" p="33188"/><f n="helix.html" o="brucesherwood" g="staff" p="33188"/><f n="images" o="brucesherwood" g="staff" p="16877"><f n=".DS_Store" o="brucesherwood" g="staff" p="33188"/><f n="arrow.jpg" o="brucesherwood" g="staff" p="33188"/><f n="box.jpg" o="brucesherwood" g="staff" p="33188"/><f n="cone.jpg" o="brucesherwood" g="staff" p="33188"/><f n="controls.jpg" o="brucesherwood" g="staff" p="33188"/><f n="convex.jpg" o="brucesherwood" g="staff" p="33188"/><f n="curve.jpg" o="brucesherwood" g="staff" p="33188"/><f n="cylinder.jpg" o="brucesherwood" g="staff" p="33188"/><f n="ellipsoid.jpg" o="brucesherwood" g="staff" p="33188"/><f n="faces.jpg" o="brucesherwood" g="staff" p="33188"/><f n="filedialog.jpg" o="brucesherwood" g="staff" p="33188"/><f n="graph.jpg" o="brucesherwood" g="staff" p="33188"/><f n="helix.jpg" o="brucesherwood" g="staff" p="33188"/><f n="label.jpg" o="brucesherwood" g="staff" p="33188"/><f n="material_etc.jpg" o="brucesherwood" g="staff" p="33188"/><f n="points.jpg" o="brucesherwood" g="staff" p="33188"/><f n="pyramid.jpg" o="brucesherwood" g="staff" p="33188"/><f n="ring.jpg" o="brucesherwood" g="staff" p="33188"/><f n="sphere.jpg" o="brucesherwood" g="staff" p="33188"/><f n="text.jpg" o="brucesherwood" g="staff" p="33188"/><f n="text3d.jpg" o="brucesherwood" g="staff" p="33188"/></f><f n="index.html" o="brucesherwood" g="staff" p="33188"/><f n="keyboard.html" o="brucesherwood" g="staff" p="33188"/><f n="label.html" o="brucesherwood" g="staff" p="33188"/><f n="license.txt" o="brucesherwood" g="staff" p="33188"/><f n="lights.html" o="brucesherwood" g="staff" p="33188"/><f n="materials.html" o="brucesherwood" g="staff" p="33188"/><f n="mouse.html" o="brucesherwood" g="staff" p="33188"/><f n="mouse_click.html" o="brucesherwood" g="staff" p="33188"/><f n="mouse_drag.html" o="brucesherwood" g="staff" p="33188"/><f n="new_features.html" o="brucesherwood" g="staff" p="33188"/><f n="options.html" o="brucesherwood" g="staff" p="33188"/><f n="points.html" o="brucesherwood" g="staff" p="33188"/><f n="primitives.html" o="brucesherwood" g="staff" p="33188"/><f n="pyramid.html" o="brucesherwood" g="staff" p="33188"/><f n="rate.html" o="brucesherwood" g="staff" p="33188"/><f n="ring.gif" o="brucesherwood" g="staff" p="33188"/><f n="ring.html" o="brucesherwood" g="staff" p="33188"/><f n="rotation.html" o="brucesherwood" g="staff" p="33188"/><f n="sphere.html" o="brucesherwood" g="staff" p="33188"/><f n="spherebox.gif" o="brucesherwood" g="staff" p="33188"/><f n="Templates" o="brucesherwood" g="staff" p="16877"><f n=".DS_Store" o="brucesherwood" g="staff" p="33188"/><f n="template.dwt" o="brucesherwood" g="staff" p="33188"/></f><f n="text.html" o="brucesherwood" g="staff" p="33188"/><f n="vector.html" o="brucesherwood" g="staff" p="33188"/><f n="VisualIntro.html" o="brucesherwood" g="staff" p="33188"/><f n="VisualRef-1.gif" o="brucesherwood" g="staff" p="33188"/><f n="VisualRef-2.gif" o="brucesherwood" g="staff" p="33188"/><f n="VisualRef-3.gif" o="brucesherwood" g="staff" p="33188"/><f n="VisualRef-4.gif" o="brucesherwood" g="staff" p="33188"/><f n="VisualRef-6.gif" o="brucesherwood" g="staff" p="33188"/><f n="VisualRef-7.gif" o="brucesherwood" g="staff" p="33188"/><f n="VisualRef.css" o="brucesherwood" g="staff" p="33188"/><f n="VPython_Intro.pdf" o="brucesherwood" g="staff" p="33188"/></f></f><f n="examples" o="brucesherwood" g="staff" p="16895"><f n=".cvsignore" o="brucesherwood" g="staff" p="33206"/><f n=".DS_Store" o="brucesherwood" g="staff" p="33206"/><f n="bounce.py" o="brucesherwood" g="staff" p="33206"/><f n="bounce2.py" o="brucesherwood" g="staff" p="33206"/><f n="boxlighttest.py" o="brucesherwood" g="staff" p="33206"/><f n="colorsliders.py" o="brucesherwood" g="staff" p="33206"/><f n="controlstest.py" o="brucesherwood" g="staff" p="33206"/><f n="convex.py" o="brucesherwood" g="staff" p="33206"/><f n="crossproduct.py" o="brucesherwood" g="staff" p="33206"/><f n="crystal.py" o="brucesherwood" g="staff" p="33206"/><f n="dipole.py" o="brucesherwood" g="staff" p="33206"/><f n="doublependulum.py" o="brucesherwood" g="staff" p="33206"/><f n="drape.py" o="brucesherwood" g="staff" p="33206"/><f n="faces_cone.py" o="brucesherwood" g="staff" p="33206"/><f n="faces_heightfield.py" o="brucesherwood" g="staff" p="33188"/><f n="flower128.tga" o="brucesherwood" g="staff" p="33206"/><f n="gas.py" o="brucesherwood" g="staff" p="33206"/><f n="glinfo.py" o="brucesherwood" g="staff" p="33206"/><f n="graphtest.py" o="brucesherwood" g="staff" p="33206"/><f n="gyro.py" o="brucesherwood" g="staff" p="33206"/><f n="gyro2.py" o="brucesherwood" g="staff" p="33206"/><f n="hanoi.py" o="brucesherwood" g="staff" p="33206"/><f n="labels.py" o="brucesherwood" g="staff" p="33206"/><f n="lathe.py" o="brucesherwood" g="staff" p="33206"/><f n="lorenz.py" o="brucesherwood" g="staff" p="33206"/><f n="mandelbrot.py" o="brucesherwood" g="staff" p="33206"/><f n="material_test.py" o="brucesherwood" g="staff" p="33206"/><f n="orbit.py" o="brucesherwood" g="staff" p="33206"/><f n="planar.py" o="brucesherwood" g="staff" p="33206"/><f n="randombox.py" o="brucesherwood" g="staff" p="33206"/><f n="stars.py" o="brucesherwood" g="staff" p="33206"/><f n="stonehenge.py" o="brucesherwood" g="staff" p="33188"/><f n="text3D.py" o="brucesherwood" g="staff" p="33188"/><f n="texttest.py" o="brucesherwood" g="staff" p="33188"/><f n="texture_and_lighting.py" o="brucesherwood" g="staff" p="33206"/><f n="texturetest.py" o="brucesherwood" g="staff" p="33206"/><f n="tictac.py" o="brucesherwood" g="staff" p="33206"/><f n="tictacdat.py" o="brucesherwood" g="staff" p="33206"/><f n="toroid.py" o="brucesherwood" g="staff" p="33206"/><f n="toroid_drag.py" o="brucesherwood" g="staff" p="33206"/><f n="wave.py" o="brucesherwood" g="staff" p="33206"/></f><f n="VIDLE.app" o="brucesherwood" g="staff" p="16895"><f n="Contents" o="brucesherwood" g="staff" p="16895"><f n="Info.plist" o="brucesherwood" g="staff" p="33206"/><f n="MacOS" o="brucesherwood" g="staff" p="16895"><f n="VIDLE" o="brucesherwood" g="staff" p="33279"/></f><f n="PkgInfo" o="brucesherwood" g="staff" p="33206"/><f n="Resources" o="brucesherwood" g="staff" p="16895"><f n="idle.py" o="brucesherwood" g="staff" p="33206"/></f></f></f></f></pkg-contents>