<pkgref spec="1.12" uuid="1660BA60-256E-41D9-A8A7-53BFFD219134"><config><identifier>org.vpython.vpython532.VPython.pkg</identifier><version>1.0</version><description></description><post-install type="none"/><requireAuthorization/><installFrom>/Users/brucesherwood/Documents/workspace/stage/VPython</installFrom><installTo mod="true">/Applications/VPython</installTo><flags><followSymbolicLinks/></flags><packageStore type="internal"></packageStore><mod>installTo</mod><mod>installTo.path</mod><mod>parent</mod></config><contents><file-list>03vpython-contents.xml</file-list><component id="VIDLE" path="/Users/brucesherwood/Documents/workspace/stage/VPython/VIDLE.app"/><filter>/CVS$</filter><filter>/\.svn$</filter><filter>/\.cvsignore$</filter><filter>/\.cvspass$</filter><filter>/\.DS_Store$</filter></contents></pkgref>