<pkgref spec="1.12" uuid="31AE0915-CF4A-41E4-92F6-E1108944B1DE"><config><identifier>org.vpython.vpython532.numpy.pkg</identifier><version>1.0</version><description></description><post-install type="none"/><requireAuthorization/><installFrom>/Users/brucesherwood/Documents/workspace/stage/numpy</installFrom><installTo mod="true">/Library/Frameworks/Python.framework/Versions/2.6/lib/python2.6/site-packages/numpy</installTo><flags><followSymbolicLinks/></flags><packageStore type="internal"></packageStore><mod>installTo</mod><mod>installTo.path</mod><mod>parent</mod></config><contents><file-list>04numpy-contents.xml</file-list><filter>/CVS$</filter><filter>/\.svn$</filter><filter>/\.cvsignore$</filter><filter>/\.cvspass$</filter><filter>/\.DS_Store$</filter></contents></pkgref>