<pkgref spec="1.12" uuid="8E56356B-B387-41D5-8884-3935FDED58AD"><config><identifier>org.vpython.vpython532.numpy-1.3.0-py2.6.pkg</identifier><version>1.0</version><description></description><post-install type="none"/><requireAuthorization/><installFrom mod="true">/Users/brucesherwood/Documents/workspace/stage/numpy-1.3.0-py2.6.egg-info</installFrom><installTo mod="true">/Library/Frameworks/Python.framework/Versions/2.6/lib/python2.6/site-packages/</installTo><flags><followSymbolicLinks/></flags><packageStore type="internal"></packageStore><mod>installTo.path</mod><mod>installFrom.path</mod><mod>parent</mod><mod>installTo</mod></config><contents><file-list>05numpy-contents.xml</file-list><filter>/CVS$</filter><filter>/\.svn$</filter><filter>/\.cvsignore$</filter><filter>/\.cvspass$</filter><filter>/\.DS_Store$</filter></contents></pkgref>