<pkgref spec="1.12" uuid="92ADE161-7000-4FB7-8EC9-A6BDBFDB8FF2"><config><identifier>org.vpython.vpython532.ttfquery.pkg</identifier><version>1.0</version><description></description><post-install type="none"/><requireAuthorization/><installFrom>/Users/brucesherwood/Documents/workspace/stage/ttfquery</installFrom><installTo mod="true">/Library/Frameworks/Python.framework/Versions/2.6/lib/python2.6/site-packages/ttfquery</installTo><flags><followSymbolicLinks/></flags><packageStore type="internal"></packageStore><mod>parent</mod><mod>installTo.path</mod><mod>installTo</mod></config><contents><file-list>06ttfquery-contents.xml</file-list><filter>/CVS$</filter><filter>/\.svn$</filter><filter>/\.cvsignore$</filter><filter>/\.cvspass$</filter><filter>/\.DS_Store$</filter></contents></pkgref>