<pkgref spec="1.12" uuid="A073CDFE-1DCE-4717-8AE4-CF1346AC1269"><config><identifier>org.vpython.vpython532.FontTools-1.pkg</identifier><version>1.0</version><description></description><post-install type="none"/><requireAuthorization/><installFrom>/Users/brucesherwood/Documents/workspace/stage/FontTools</installFrom><installTo mod="true">/Library/Frameworks/Python.framework/Versions/2.6/lib/python2.6/site-packages/FontTools</installTo><flags><followSymbolicLinks/></flags><packageStore type="internal"></packageStore><mod>parent</mod><mod>installTo.path</mod><mod>installTo</mod></config><contents><file-list>07fonttools-contents.xml</file-list><filter>/CVS$</filter><filter>/\.svn$</filter><filter>/\.cvsignore$</filter><filter>/\.cvspass$</filter><filter>/\.DS_Store$</filter></contents></pkgref>