<pkg-contents spec="1.12"><f n="Polygon" o="brucesherwood" g="staff" p="16877" pt="/Users/brucesherwood/Documents/workspace/stage/Polygon" m="false" t="file"><f n="__init__.py" o="brucesherwood" g="staff" p="33188"/><f n="__init__.pyc" o="brucesherwood" g="staff" p="33188"/><f n="cPolygon.so" o="brucesherwood" g="staff" p="33261"/><f n="IO.py" o="brucesherwood" g="staff" p="33188"/><f n="IO.pyc" o="brucesherwood" g="staff" p="33188"/><f n="Shapes.py" o="brucesherwood" g="staff" p="33188"/><f n="Shapes.pyc" o="brucesherwood" g="staff" p="33188"/><f n="Utils.py" o="brucesherwood" g="staff" p="33188"/><f n="Utils.pyc" o="brucesherwood" g="staff" p="33188"/></f></pkg-contents>