<pkgref spec="1.12" uuid="3C57A665-754F-4462-A057-33EE368EFA3C"><config><identifier>org.vpython.vpython532.Polygon.pkg</identifier><version>1.0</version><description></description><post-install type="none"/><requireAuthorization/><installFrom>/Users/brucesherwood/Documents/workspace/stage/Polygon</installFrom><installTo mod="true">/Library/Frameworks/Python.framework/Versions/2.6/lib/python2.6/site-packages/Polygon</installTo><flags><followSymbolicLinks/></flags><packageStore type="internal"></packageStore><mod>parent</mod><mod>installTo.path</mod><mod>installTo</mod></config><contents><file-list>08polygon-contents.xml</file-list><filter>/CVS$</filter><filter>/\.svn$</filter><filter>/\.cvsignore$</filter><filter>/\.cvspass$</filter><filter>/\.DS_Store$</filter></contents></pkgref>