<pkgref spec="1.12" uuid="B55E5401-70E0-44CD-ABB1-375F71E97887"><config><identifier>org.vpython.vpython532.Polygon-2.0.1-py2.5.pkg</identifier><version>1.0</version><description></description><post-install type="none"/><requireAuthorization/><installFrom>/Users/brucesherwood/Documents/workspace/stage/Polygon-2.0.1-py2.5.egg-info</installFrom><installTo mod="true">/Library/Frameworks/Python.framework/Versions/2.6/lib/python2.6/site-packages/</installTo><flags><followSymbolicLinks/></flags><packageStore type="internal"></packageStore><mod>installTo.path</mod><mod>locationType</mod><mod>parent</mod><mod>installTo</mod></config><contents><file-list>09polygon-contents.xml</file-list><filter>/CVS$</filter><filter>/\.svn$</filter><filter>/\.cvsignore$</filter><filter>/\.cvspass$</filter><filter>/\.DS_Store$</filter></contents></pkgref>