<pkgref spec="1.12" uuid="51D0DC83-ED7C-4328-8932-90A231401FFA"><config><identifier>org.vpython.vpython532.FontTools.pkg</identifier><version>1.0</version><description></description><post-install type="none"/><requireAuthorization/><installFrom>/Users/brucesherwood/Documents/workspace/stage/FontTools.pth</installFrom><installTo mod="true">/Library/Frameworks/Python.framework/Versions/2.6/lib/python2.6/site-packages/</installTo><flags><followSymbolicLinks/></flags><packageStore type="internal"></packageStore><mod>installTo</mod><mod>installTo.path</mod><mod>parent</mod></config><contents><file-list>11fonttools-contents.xml</file-list><filter>/CVS$</filter><filter>/\.svn$</filter><filter>/\.cvsignore$</filter><filter>/\.cvspass$</filter><filter>/\.DS_Store$</filter></contents></pkgref>